,ks,kdeg,pr
0,19.13281213,19.34811877,28.38114867
1,26.22167996,26.34582699,30.85263198
2,29.72950386,30.14686883,32.77750448
3,33.70518061,33.22491986,34.00664641
4,40.55231313,40.93176517,42.94573553
