,ks,kdeg,pr
0,1913.2812129950996,1934.8118771601544,2838.1148673018856
1,2622.167996143649,2634.582699404215,3085.263197848767
2,2972.950386400688,3014.6868825800134,3277.750448096987
3,3370.5180610701377,3322.491986446318,3400.6646409194777
4,4055.2313127613324,4093.1765170830345,4294.573552752357
